{
  "profiles": {
    "APC": {
      "name": "APC",
      "lastVersionId": "apc"
    }
  },
  "selectedProfile": "APC",
  "clientToken": "7bab4700-7805-48ff-a6e0-f8b7f2353f48",
  "authenticationDatabase": {
    "871098e53ea03bf9b0ecb7cabdf92f3f": {
      "displayName": "Pierre02",
      "userid": "Pierre02",
      "uuid": "871098e5-3ea0-3bf9-b0ec-b7cabdf92f3f",
      "username": "Pierre02"
    },
    "2c70a8c7bc853804a40d5476244dfaa7": {
      "displayName": "Pierre",
      "accessToken": "null",
      "userid": "Pierre",
      "uuid": "2c70a8c7-bc85-3804-a40d-5476244dfaa7",
      "username": "Pierre"
    }
  },
  "selectedUser": "871098e53ea03bf9b0ecb7cabdf92f3f",
  "launcherVersion": {
    "name": "1.5",
    "format": 16,
    "profilesFormat": 1
  }
}